address,name,display_name,group,subgroup,motor_index,access,driver_type,pc_type,scale,suffix,ok,words_hex,words_unsigned,decoded_value,display_value,enum_value,error
0x2000,throttle_neutral_range,Neutral Range,ThrottleBrake,Config,,rw,uint16,int,,%,True,0x0002,2,2,2,,
0x2001,throttle_curve_type,Throttle Curve Type,ThrottleBrake,Config,,rw,uint16,enum,,,True,0x0000,0,0,0,Linear,
0x2002,throttle_curve_num,Throttle Curve Num,ThrottleBrake,Config,,rw,uint16,int,,,True,0x0002,2,2,2,,
0x2010,normal_throttle_max_force,Throttle Max Force,ThrottleBrake,Config,,rw,uint16,int,,%,True,0x0064,100,100,100,,
0x2011,normal_throttle_init_force,Throttle Init Force,ThrottleBrake,Config,,rw,uint16,int,,%,True,0x000A,10,10,10,,
0x2012,normal_throttle_acc,Throttle Acc,ThrottleBrake,Config,,rw,uint16,int,,%,True,0x0032,50,50,50,,
0x2013,normal_max_speed,Max Speed,ThrottleBrake,Config,,rw,uint16,int,,km/h,True,0x0005,5,5,5,,
0x2020,sport_throttle_max_force,Throttle Max Force,ThrottleBrake,Config,,rw,uint16,int,,%,True,0x0064,100,100,100,,
0x2021,sport_throttle_init_force,Throttle Init Force,ThrottleBrake,Config,,rw,uint16,int,,%,True,0x000A,10,10,10,,
0x2022,sport_throttle_acc,Throttle Acc,ThrottleBrake,Config,,rw,uint16,int,,%,True,0x0032,50,50,50,,
0x2023,sport_max_speed,Max Speed,ThrottleBrake,Config,,rw,uint16,int,,km/h,True,0x0005,5,5,5,,
0x2030,turbo_throttle_max_force,Throttle Max Force,ThrottleBrake,Config,,rw,uint16,int,,%,True,0x0064,100,100,100,,
0x2031,turbo_throttle_init_force,Throttle Init Force,ThrottleBrake,Config,,rw,uint16,int,,%,True,0x000A,10,10,10,,
0x2032,turbo_throttle_acc,Throttle Acc,ThrottleBrake,Config,,rw,uint16,int,,%,True,0x0032,50,50,50,,
0x2033,turbo_max_speed,Max Speed,ThrottleBrake,Config,,rw,uint16,int,,km/h,True,0x0005,5,5,5,,
0x2060,throttle_curve_input_0,Throttle Curve Input 0,ThrottleBrake,CurveConfig,,rw,uint16,int,,,True,0x0000,0,0,0,,
0x2061,throttle_curve_input_1,Throttle Curve Input 1,ThrottleBrake,CurveConfig,,rw,uint16,int,,,True,0x0064,100,100,100,,
0x2062,throttle_curve_input_2,Throttle Curve Input 2,ThrottleBrake,CurveConfig,,rw,uint16,int,,,True,0x0000,0,0,0,,
0x2063,throttle_curve_input_3,Throttle Curve Input 3,ThrottleBrake,CurveConfig,,rw,uint16,int,,,True,0x0000,0,0,0,,
0x2064,throttle_curve_input_4,Throttle Curve Input 4,ThrottleBrake,CurveConfig,,rw,uint16,int,,,True,0x0000,0,0,0,,
0x2065,throttle_curve_input_5,Throttle Curve Input 5,ThrottleBrake,CurveConfig,,rw,uint16,int,,,True,0x0000,0,0,0,,
0x2066,throttle_curve_input_6,Throttle Curve Input 6,ThrottleBrake,CurveConfig,,rw,uint16,int,,,True,0x0000,0,0,0,,
0x2067,throttle_curve_input_7,Throttle Curve Input 7,ThrottleBrake,CurveConfig,,rw,uint16,int,,,True,0x0000,0,0,0,,
0x2068,throttle_curve_input_8,Throttle Curve Input 8,ThrottleBrake,CurveConfig,,rw,uint16,int,,,True,0x0000,0,0,0,,
0x2069,throttle_curve_input_9,Throttle Curve Input 9,ThrottleBrake,CurveConfig,,rw,uint16,int,,,True,0x0000,0,0,0,,
0x206A,throttle_curve_input_10,Throttle Curve Input 10,ThrottleBrake,CurveConfig,,rw,uint16,int,,,True,0x0000,0,0,0,,
0x206B,throttle_curve_input_11,Throttle Curve Input 11,ThrottleBrake,CurveConfig,,rw,uint16,int,,,True,0x0000,0,0,0,,
0x206C,throttle_curve_input_12,Throttle Curve Input 12,ThrottleBrake,CurveConfig,,rw,uint16,int,,,True,0x0000,0,0,0,,
0x206D,throttle_curve_input_13,Throttle Curve Input 13,ThrottleBrake,CurveConfig,,rw,uint16,int,,,True,0x0000,0,0,0,,
0x206E,throttle_curve_input_14,Throttle Curve Input 14,ThrottleBrake,CurveConfig,,rw,uint16,int,,,True,0x0000,0,0,0,,
0x206F,throttle_curve_input_15,Throttle Curve Input 15,ThrottleBrake,CurveConfig,,rw,uint16,int,,,True,0x0000,0,0,0,,
0x2070,throttle_curve_output_0,Throttle Curve Output 0,ThrottleBrake,CurveConfig,,rw,uint16,int,,,True,0x0000,0,0,0,,
0x2071,throttle_curve_output_1,Throttle Curve Output 1,ThrottleBrake,CurveConfig,,rw,uint16,int,,,True,0x0064,100,100,100,,
0x2072,throttle_curve_output_2,Throttle Curve Output 2,ThrottleBrake,CurveConfig,,rw,uint16,int,,,True,0x0000,0,0,0,,
0x2073,throttle_curve_output_3,Throttle Curve Output 3,ThrottleBrake,CurveConfig,,rw,uint16,int,,,True,0x0000,0,0,0,,
0x2074,throttle_curve_output_4,Throttle Curve Output 4,ThrottleBrake,CurveConfig,,rw,uint16,int,,,True,0x0000,0,0,0,,
0x2075,throttle_curve_output_5,Throttle Curve Output 5,ThrottleBrake,CurveConfig,,rw,uint16,int,,,True,0x0000,0,0,0,,
0x2076,throttle_curve_output_6,Throttle Curve Output 6,ThrottleBrake,CurveConfig,,rw,uint16,int,,,True,0x0000,0,0,0,,
0x2077,throttle_curve_output_7,Throttle Curve Output 7,ThrottleBrake,CurveConfig,,rw,uint16,int,,,True,0x0000,0,0,0,,
0x2078,throttle_curve_output_8,Throttle Curve Output 8,ThrottleBrake,CurveConfig,,rw,uint16,int,,,True,0x0000,0,0,0,,
0x2079,throttle_curve_output_9,Throttle Curve Output 9,ThrottleBrake,CurveConfig,,rw,uint16,int,,,True,0x0000,0,0,0,,
0x207A,throttle_curve_output_10,Throttle Curve Output 10,ThrottleBrake,CurveConfig,,rw,uint16,int,,,True,0x0000,0,0,0,,
0x207B,throttle_curve_output_11,Throttle Curve Output 11,ThrottleBrake,CurveConfig,,rw,uint16,int,,,True,0x0000,0,0,0,,
0x207C,throttle_curve_output_12,Throttle Curve Output 12,ThrottleBrake,CurveConfig,,rw,uint16,int,,,True,0x0000,0,0,0,,
0x207D,throttle_curve_output_13,Throttle Curve Output 13,ThrottleBrake,CurveConfig,,rw,uint16,int,,,True,0x0000,0,0,0,,
0x207E,throttle_curve_output_14,Throttle Curve Output 14,ThrottleBrake,CurveConfig,,rw,uint16,int,,,True,0x0000,0,0,0,,
0x207F,throttle_curve_output_15,Throttle Curve Output 15,ThrottleBrake,CurveConfig,,rw,uint16,int,,,True,0x0000,0,0,0,,
0x2080,brake_neutral_range,Neutral Range,ThrottleBrake,Config,,rw,uint16,int,,%,True,0x0002,2,2,2,,
0x2081,brake_curve_type,Brake Curve Type,ThrottleBrake,Config,,rw,uint16,enum,,,True,0x0000,0,0,0,Linear,
0x2082,brake_curve_num,Brake Curve Num,ThrottleBrake,Config,,rw,uint16,int,,,True,0x0002,2,2,2,,
0x2090,normal_brake_max_force,Brake Max Force,ThrottleBrake,Config,,rw,uint16,int,,%,True,0x0064,100,100,100,,
0x2091,normal_brake_init_force,Brake Init Force,ThrottleBrake,Config,,rw,uint16,int,,%,True,0x000A,10,10,10,,
0x2092,normal_brake_acc,Brake Acc,ThrottleBrake,Config,,rw,uint16,int,,%,True,0x0032,50,50,50,,
0x20A0,sport_brake_max_force,Brake Max Force,ThrottleBrake,Config,,rw,uint16,int,,%,True,0x0064,100,100,100,,
0x20A1,sport_brake_init_force,Brake Init Force,ThrottleBrake,Config,,rw,uint16,int,,%,True,0x000A,10,10,10,,
0x20A2,sport_brake_acc,Brake Acc,ThrottleBrake,Config,,rw,uint16,int,,%,True,0x0032,50,50,50,,
0x20B0,turbo_brake_max_force,Brake Max Force,ThrottleBrake,Config,,rw,uint16,int,,%,True,0x0064,100,100,100,,
0x20B1,turbo_brake_init_force,Brake Init Force,ThrottleBrake,Config,,rw,uint16,int,,%,True,0x000A,10,10,10,,
0x20B2,turbo_brake_acc,Brake Acc,ThrottleBrake,Config,,rw,uint16,int,,%,True,0x0032,50,50,50,,
0x20E0,brake_curve_input_0,Brake Curve Input 0,ThrottleBrake,CurveConfig,,rw,uint16,int,,,True,0x0000,0,0,0,,
0x20E1,brake_curve_input_1,Brake Curve Input 1,ThrottleBrake,CurveConfig,,rw,uint16,int,,,True,0x0064,100,100,100,,
0x20E2,brake_curve_input_2,Brake Curve Input 2,ThrottleBrake,CurveConfig,,rw,uint16,int,,,True,0x0000,0,0,0,,
0x20E3,brake_curve_input_3,Brake Curve Input 3,ThrottleBrake,CurveConfig,,rw,uint16,int,,,True,0x0000,0,0,0,,
0x20E4,brake_curve_input_4,Brake Curve Input 4,ThrottleBrake,CurveConfig,,rw,uint16,int,,,True,0x0000,0,0,0,,
0x20E5,brake_curve_input_5,Brake Curve Input 5,ThrottleBrake,CurveConfig,,rw,uint16,int,,,True,0x0000,0,0,0,,
0x20E6,brake_curve_input_6,Brake Curve Input 6,ThrottleBrake,CurveConfig,,rw,uint16,int,,,True,0x0000,0,0,0,,
0x20E7,brake_curve_input_7,Brake Curve Input 7,ThrottleBrake,CurveConfig,,rw,uint16,int,,,True,0x0000,0,0,0,,
0x20E8,brake_curve_input_8,Brake Curve Input 8,ThrottleBrake,CurveConfig,,rw,uint16,int,,,True,0x0000,0,0,0,,
0x20E9,brake_curve_input_9,Brake Curve Input 9,ThrottleBrake,CurveConfig,,rw,uint16,int,,,True,0x0000,0,0,0,,
0x20EA,brake_curve_input_10,Brake Curve Input 10,ThrottleBrake,CurveConfig,,rw,uint16,int,,,True,0x0000,0,0,0,,
0x20EB,brake_curve_input_11,Brake Curve Input 11,ThrottleBrake,CurveConfig,,rw,uint16,int,,,True,0x0000,0,0,0,,
0x20EC,brake_curve_input_12,Brake Curve Input 12,ThrottleBrake,CurveConfig,,rw,uint16,int,,,True,0x0000,0,0,0,,
0x20ED,brake_curve_input_13,Brake Curve Input 13,ThrottleBrake,CurveConfig,,rw,uint16,int,,,True,0x0000,0,0,0,,
0x20EE,brake_curve_input_14,Brake Curve Input 14,ThrottleBrake,CurveConfig,,rw,uint16,int,,,True,0x0000,0,0,0,,
0x20EF,brake_curve_input_15,Brake Curve Input 15,ThrottleBrake,CurveConfig,,rw,uint16,int,,,True,0x0000,0,0,0,,
0x20F0,brake_curve_output_0,Brake Curve Output 0,ThrottleBrake,CurveConfig,,rw,uint16,int,,,True,0x0000,0,0,0,,
0x20F1,brake_curve_output_1,Brake Curve Output 1,ThrottleBrake,CurveConfig,,rw,uint16,int,,,True,0x0064,100,100,100,,
0x20F2,brake_curve_output_2,Brake Curve Output 2,ThrottleBrake,CurveConfig,,rw,uint16,int,,,True,0x0000,0,0,0,,
0x20F3,brake_curve_output_3,Brake Curve Output 3,ThrottleBrake,CurveConfig,,rw,uint16,int,,,True,0x0000,0,0,0,,
0x20F4,brake_curve_output_4,Brake Curve Output 4,ThrottleBrake,CurveConfig,,rw,uint16,int,,,True,0x0000,0,0,0,,
0x20F5,brake_curve_output_5,Brake Curve Output 5,ThrottleBrake,CurveConfig,,rw,uint16,int,,,True,0x0000,0,0,0,,
0x20F6,brake_curve_output_6,Brake Curve Output 6,ThrottleBrake,CurveConfig,,rw,uint16,int,,,True,0x0000,0,0,0,,
0x20F7,brake_curve_output_7,Brake Curve Output 7,ThrottleBrake,CurveConfig,,rw,uint16,int,,,True,0x0000,0,0,0,,
0x20F8,brake_curve_output_8,Brake Curve Output 8,ThrottleBrake,CurveConfig,,rw,uint16,int,,,True,0x0000,0,0,0,,
0x20F9,brake_curve_output_9,Brake Curve Output 9,ThrottleBrake,CurveConfig,,rw,uint16,int,,,True,0x0000,0,0,0,,
0x20FA,brake_curve_output_10,Brake Curve Output 10,ThrottleBrake,CurveConfig,,rw,uint16,int,,,True,0x0000,0,0,0,,
0x20FB,brake_curve_output_11,Brake Curve Output 11,ThrottleBrake,CurveConfig,,rw,uint16,int,,,True,0x0000,0,0,0,,
0x20FC,brake_curve_output_12,Brake Curve Output 12,ThrottleBrake,CurveConfig,,rw,uint16,int,,,True,0x0000,0,0,0,,
0x20FD,brake_curve_output_13,Brake Curve Output 13,ThrottleBrake,CurveConfig,,rw,uint16,int,,,True,0x0000,0,0,0,,
0x20FE,brake_curve_output_14,Brake Curve Output 14,ThrottleBrake,CurveConfig,,rw,uint16,int,,,True,0x0000,0,0,0,,
0x20FF,brake_curve_output_15,Brake Curve Output 15,ThrottleBrake,CurveConfig,,rw,uint16,int,,,True,0x0000,0,0,0,,
0x2100,speed_mode,Speed Mode,ThrottleBrake,Control,,rw,uint16,enum,,,True,0x0000,0,0,0,Normal Mode,
0x2101,speed_direction,Speed Direction,ThrottleBrake,Control,,rw,uint16,enum,,,True,0x0000,0,0,0,Positive,
0x2102,throttle_travel,Throttle Travel,ThrottleBrake,Control,,rw,uint16,int,,,True,0x3A98,15000,15000,15000,,
0x2103,brake_travel,Brake Travel,ThrottleBrake,Control,,rw,uint16,int,,,True,0x3A98,15000,15000,15000,,
0x2130,speed_km_h,Speed,ThrottleBrake,Control,,ro,uint16,int,,,True,0x0000,0,0,0,,
0x2131,battery_power,Battery Power,ThrottleBrake,Control,,ro,uint16,int,,,True,0x0218,536,536,536,,
0x2132,motor_power,Motor Power,ThrottleBrake,Control,,ro,uint16,int,,,True,0x0005,5,5,5,,
0x2133,m1_temp,M1 Temp,ThrottleBrake,Control,,ro,int16,int,,,True,0xFF1D,65309,-227,-227,,
0x2134,m2_temp,M2 Temp,ThrottleBrake,Control,,ro,int16,int,,,True,0xFF1D,65309,-227,-227,,
0x2135,board_temp,Board Temp,ThrottleBrake,Control,,ro,int16,int,,,True,0x00DC,220,220,220,,
0x2200,throttle_brake_max_acc,Max Acc,ThrottleBrake,CommonConfig,,rw,uint16,int,,A/s,True,0x0190,400,400,400,,
0x2201,throttle_brake_wheel_size,Wheel Diameter,ThrottleBrake,CommonConfig,,rw,uint16,int,,mm,True,0x0064,100,100,100,,
0x2204,throttle_brake_input_type,Input Type,ThrottleBrake,CommonConfig,,rw,uint16,enum,,,True,0x0000,0,0,0,Uart,
0x2205,throttle_brake_speed_acc,Speed Acceleration,ThrottleBrake,CommonConfig,,rw,float,float,, m/s^2,True,0x3DB8 0x51EB,15800 20971,0.08999999612569809,0.08999999612569809,,
0x2206,throttle_brake_max_speed,Max Speed,ThrottleBrake,CommonConfig,,rw,int,int,, km/h,True,0x0000,0,0,0,,
0x2302,throttle_max_force_mode_0,Throttle Max Force,ThrottleBrakeConfig,General,,rw,uint16,int,,A,True,0x0005,5,5,5,,
0x2303,throttle_init_mode_0,Throttle Init Force,ThrottleBrakeConfig,General,,rw,uint16,int,,A,True,0x0001,1,1,1,,
0x2304,throttle_acc_mode_0,Throttle Acc,ThrottleBrakeConfig,General,,rw,uint16,int,,A/s,True,0x0190,400,400,400,,
0x2305,throttle_max_speed_mode_0,Max Speed,ThrottleBrakeConfig,General,,rw,uint16,int,,rpm,True,0x000A,10,10,10,,
0x2307,brake_max_force_mode_0,Brake Max Force,ThrottleBrakeConfig,General,,rw,uint16,int,,A,True,0x0005,5,5,5,,
0x2308,brake_init_force_mode_0,Brake Init Force,ThrottleBrakeConfig,General,,rw,uint16,int,,A,True,0x0001,1,1,1,,
0x2309,brake_acc_mode_0,Brake Acc,ThrottleBrakeConfig,General,,rw,uint16,int,,A/s,True,0x000A,10,10,10,,
0x3001,slaveid,Slaveid,Board,General,,rw,uint16,int,,,True,0x0002,2,2,2,,
0x3002,soft_version,Soft Version,Board,General,,ro,uint16,string,,,True,0x0131,305,305,305,,
0x3003,hardware_id,Hardware ID,Board,General,,ro,uint16,string,,,True,0x0300,768,768,768,,
0x3004,bootloader_version,Bootloader Version,Board,General,,ro,uint16,string,,,True,0x0103,259,259,259,,
0x3005,product_id,Product Id,Board,General,,ro,uint16,string,,,True,0x0101,257,257,257,,
0x3006,rs485_baudrate,RS485 Baudrate,Board,General,,rw,uint16,enum,,,True,0x0004,4,4,4,115200,
0x3007,can_baudrate,CAN Baudrate,Board,General,,rw,uint16,enum,,,True,0x0006,6,6,6,1000 Kbit/s,
0x3008,control_input,Control Input,Board,General,,rw,uint16,enum,,,True,0x0001,1,1,1,RS485,
0x3009,over_volt_protect_volt,Over Volt Protect Volt,Board,General,,rw,uint16,float,0.1, V,True,0x0258,600,600,60.0,,
0x300A,overload_timeout,Overload Timeout,Board,General,,rw,uint16,int,, ms,True,0x03E8,1000,1000,1000,,
0x300B,motor_error_check_type,Motor Error Check Type,Board,General,,rw,uint16,enum,,,True,0x0001,1,1,1,Single-Motor,
0x300C,board_Communication_Timeout,Communication Timeout,Board,General,,rw,uint16,int,, ms,True,0x0000,0,0,0,,
0x300D,under_volt_protect_volt,Under Volt Protect Volt,Board,General,,rw,uint16,float,0.1, V,True,0x00B4,180,180,18.0,,
0x300E,motor_powerup_enable,Motor Powerup Enable,Board,General,,rw,uint16,enum,,,True,0x0000,0,0,0,disable,
0x300F,differential_mechanism,Differential Mechanism,Board,General,,rw,uint16,enum,,,True,0x0000,0,0,0,disable,
0x3010,active_relief_force,Active Relief Force,Board,General,,rw,uint16,enum,,,True,0x0000,0,0,0,disable,
0x3011,diff_vel_kp,Diff Vel Kp,Board,General,,rw,uint16,int,,,True,0x00C8,200,200,200,,
0x3012,diff_vel_ki,Diff Vel Ki,Board,General,,rw,uint16,int,,,True,0x000A,10,10,10,,
0x3013,diff_vel_kd,Diff Vel Kd,Board,General,,rw,uint16,int,,,True,0x0064,100,100,100,,
0x3014,diff_vel_filter,Diff Vel Filter,Board,General,,rw,uint16,int,, /0.1HZ,True,0x00C8,200,200,200,,
0x3F00,debug_0,Debug 0,Board,Debug,,rw,float,float,,,True,0x435C 0x0000,17244 0,220.0,220.0,,
0x3F02,debug_1,Debug 1,Board,Debug,,rw,float,float,,,True,0x435D 0x0000,17245 0,221.0,221.0,,
0x3F04,debug_2,Debug 2,Board,Debug,,rw,float,float,,,True,0xC671 0x6000,50801 24576,-15448.0,-15448.0,,
0x3F06,debug_3,Debug 3,Board,Debug,,rw,float,float,,,True,0x0000 0x0000,0 0,0.0,0.0,,
0x3F08,debug_4,Debug 4,Board,Debug,,rw,float,float,,,True,0x0000 0x0000,0 0,0.0,0.0,,
0x3F0A,debug_5,Debug 5,Board,Debug,,rw,float,float,,,True,0x4671 0x5C00,18033 23552,15447.0,15447.0,,
0x3F0C,debug_6,Debug 6,Board,Debug,,rw,float,float,,,True,0xBF80 0x0000,49024 0,-1.0,-1.0,,
0x3F0E,debug_7,Debug 7,Board,Debug,,rw,float,float,,,True,0xBF80 0x0000,49024 0,-1.0,-1.0,,
0x3F10,debug_8,Debug 8,Board,Debug,,rw,float,float,,,True,0x3F80 0x0000,16256 0,1.0,1.0,,
0x3F12,debug_9,Debug 9,Board,Debug,,rw,float,float,,,True,0x0000 0x0000,0 0,0.0,0.0,,
0x3F14,debug_10,Debug 10,Board,Debug,,rw,float,float,,,True,0x3F80 0x0000,16256 0,1.0,1.0,,
0x3F16,debug_11,Debug 11,Board,Debug,,rw,float,float,,,True,0x0000 0x0000,0 0,0.0,0.0,,
0x4000,extend_port_ppm1_start,PPM1 Min,ExtendPort,PPM1,,rw,uint16,int,,us,True,0x0406,1030,1030,1030,,
0x4001,extend_port_ppm1_end,PPM1 Max,ExtendPort,PPM1,,rw,uint16,int,,us,True,0x0802,2050,2050,2050,,
0x4002,extend_port_ppm1_center,PPM1 Center,ExtendPort,PPM1,,rw,uint16,int,,us,True,0x05DC,1500,1500,1500,,
0x4003,extend_port_ppm1_deadzone,PPM1 DeadZone,ExtendPort,PPM1,,rw,uint16,int,,us,True,0x000A,10,10,10,,
0x4004,extend_port_ppm1_filter,PPM1 Filter,ExtendPort,PPM1,,rw,uint16,int,, /0.1HZ,True,0x0000,0,0,0,,
0x4005,extend_port_ppm1_reversal,PPM1 Reversal,ExtendPort,PPM1,,rw,uint16,int,,,True,0x0000,0,0,0,,
0x4006,extend_port_ppm1_scale,PPM1 Scale,ExtendPort,PPM1,,rw,uint16,int,,%,True,0x0064,100,100,100,,
0x4007,extend_port_ppm1_mapping,PPM1 Mapping,ExtendPort,PPM1,,rw,uint16,enum,,,True,0x001C,28,28,28,MOTOR_RUN_ENABLE_USE_SWITCH,
0x4010,extend_port_ppm2_start,PPM2 Min,ExtendPort,PPM2,,rw,uint16,int,,us,True,0x03FC,1020,1020,1020,,
0x4011,extend_port_ppm2_end,PPM2 Max,ExtendPort,PPM2,,rw,uint16,int,,us,True,0x07BC,1980,1980,1980,,
0x4012,extend_port_ppm2_center,PPM2 Center,ExtendPort,PPM2,,rw,uint16,int,,us,True,0x060E,1550,1550,1550,,
0x4013,extend_port_ppm2_deadzone,PPM2 DeadZone,ExtendPort,PPM2,,rw,uint16,int,,us,True,0x000A,10,10,10,,
0x4014,extend_port_ppm2_filter,PPM2 Filter,ExtendPort,PPM2,,rw,uint16,int,, /0.1HZ,True,0x0000,0,0,0,,
0x4015,extend_port_ppm2_reversal,PPM2 Reversal,ExtendPort,PPM2,,rw,uint16,int,,,True,0x0000,0,0,0,,
0x4016,extend_port_ppm2_scale,PPM2 Scale,ExtendPort,PPM2,,rw,uint16,int,,%,True,0x0064,100,100,100,,
0x4017,extend_port_ppm2_mapping,PPM2 Mapping,ExtendPort,PPM2,,rw,uint16,enum,,,True,0x001B,27,27,27,MOTOR_SPEED_LEVEL,
0x4020,extend_port_ppm3_start,PPM3 Min,ExtendPort,PPM3,,rw,uint16,int,,us,True,0x0410,1040,1040,1040,,
0x4021,extend_port_ppm3_end,PPM3 Max,ExtendPort,PPM3,,rw,uint16,int,,us,True,0x07D0,2000,2000,2000,,
0x4022,extend_port_ppm3_center,PPM3 Center,ExtendPort,PPM3,,rw,uint16,int,,us,True,0x05DC,1500,1500,1500,,
0x4023,extend_port_ppm3_deadzone,PPM3 DeadZone,ExtendPort,PPM3,,rw,uint16,int,,us,True,0x0078,120,120,120,,
0x4024,extend_port_ppm3_filter,PPM3 Filter,ExtendPort,PPM3,,rw,uint16,int,, /0.1HZ,True,0x0000,0,0,0,,
0x4025,extend_port_ppm3_reversal,PPM3 Reversal,ExtendPort,PPM3,,rw,uint16,int,,,True,0x0000,0,0,0,,
0x4026,extend_port_ppm3_scale,PPM3 Scale,ExtendPort,PPM3,,rw,uint16,int,,%,True,0x0064,100,100,100,,
0x4027,extend_port_ppm3_mapping,PPM3 Mapping,ExtendPort,PPM3,,rw,uint16,enum,,,True,0x000F,15,15,15,TWO_MOTOR_SPEED_FORWARD_AND_REVERSES,
0x4030,extend_port_ppm4_start,PPM4 Min,ExtendPort,PPM4,,rw,uint16,int,,us,True,0x0406,1030,1030,1030,,
0x4031,extend_port_ppm4_end,PPM4 Max,ExtendPort,PPM4,,rw,uint16,int,,us,True,0x07D0,2000,2000,2000,,
0x4032,extend_port_ppm4_center,PPM4 Center,ExtendPort,PPM4,,rw,uint16,int,,us,True,0x05DC,1500,1500,1500,,
0x4033,extend_port_ppm4_deadzone,PPM4 DeadZone,ExtendPort,PPM4,,rw,uint16,int,,us,True,0x0096,150,150,150,,
0x4034,extend_port_ppm4_filter,PPM4 Filter,ExtendPort,PPM4,,rw,uint16,int,, /0.1HZ,True,0x0000,0,0,0,,
0x4035,extend_port_ppm4_reversal,PPM4 Reversal,ExtendPort,PPM4,,rw,uint16,int,,,True,0x0000,0,0,0,,
0x4036,extend_port_ppm4_scale,PPM4 Scale,ExtendPort,PPM4,,rw,uint16,int,,%,True,0x003C,60,60,60,,
0x4037,extend_port_ppm4_mapping,PPM4 Mapping,ExtendPort,PPM4,,rw,uint16,enum,,,True,0x001A,26,26,26,MOTOR_SPEED_DIFFERENCE,
0x4040,extend_port_adc1_start,ADC1 Min,ExtendPort,ADC1,,rw,uint16,int,,,True,0x0168,360,360,360,,
0x4041,extend_port_adc1_end,ADC1 Max,ExtendPort,ADC1,,rw,uint16,int,,,True,0x06F2,1778,1778,1778,,
0x4042,extend_port_adc1_center,ADC1 Center,ExtendPort,ADC1,,rw,uint16,int,,,True,0x0400,1024,1024,1024,,
0x4043,extend_port_adc1_deadzone,ADC1 DeadZone,ExtendPort,ADC1,,rw,uint16,int,,,True,0x000A,10,10,10,,
0x4044,extend_port_adc1_filter,ADC1 Filter,ExtendPort,ADC1,,rw,uint16,int,, /0.1HZ,True,0x00C8,200,200,200,,
0x4045,extend_port_adc1_reversal,ADC1 Reversal,ExtendPort,ADC1,,rw,uint16,int,,,True,0x0000,0,0,0,,
0x4046,extend_port_adc1_scale,ADC1 Scale,ExtendPort,ADC1,,rw,uint16,int,,%,True,0x0064,100,100,100,,
0x4047,extend_port_adc1_mapping,ADC1 Mapping,ExtendPort,ADC1,,rw,uint16,enum,,,True,0x0000,0,0,0,Off,
0x4050,extend_port_adc2_start,ADC2 Min,ExtendPort,ADC2,,rw,uint16,int,,,True,0x0000,0,0,0,,
0x4051,extend_port_adc2_end,ADC2 Max,ExtendPort,ADC2,,rw,uint16,int,,,True,0x0FA0,4000,4000,4000,,
0x4052,extend_port_adc2_center,ADC2 Center,ExtendPort,ADC2,,rw,uint16,int,,,True,0x02BC,700,700,700,,
0x4053,extend_port_adc2_deadzone,ADC2 DeadZone,ExtendPort,ADC2,,rw,uint16,int,,,True,0x000A,10,10,10,,
0x4054,extend_port_adc2_filter,ADC2 Filter,ExtendPort,ADC2,,rw,uint16,int,, /0.1HZ,True,0x00C8,200,200,200,,
0x4055,extend_port_adc2_reversal,ADC2 Reversal,ExtendPort,ADC2,,rw,uint16,int,,,True,0x0000,0,0,0,,
0x4056,extend_port_adc2_scale,ADC2 Scale,ExtendPort,ADC2,,rw,uint16,int,,%,True,0x0032,50,50,50,,
0x4057,extend_port_adc2_mapping,ADC2 Mapping,ExtendPort,ADC2,,rw,uint16,enum,,,True,0x0000,0,0,0,Off,
0x4100,extend_port_ppm1_pulse_width,PPM1 Pluse Width,ExtendPort,State,,rw,uint16,int,,us,True,0x0000,0,0,0,,
0x4101,extend_port_ppm2_pulse_width,PPM2 Pluse Width,ExtendPort,State,,rw,uint16,int,,us,True,0x0000,0,0,0,,
0x4102,extend_port_ppm3_pulse_width,PPM3 Pluse Width,ExtendPort,State,,rw,uint16,int,,us,True,0x0000,0,0,0,,
0x4103,extend_port_ppm4_pulse_width,PPM4 Pluse Width,ExtendPort,State,,rw,uint16,int,,us,True,0x0000,0,0,0,,
0x4104,extend_port_adc1_voltage,ADC1 Voltage,ExtendPort,State,,rw,uint16,int,,,True,0x0000,0,0,0,,
0x4105,extend_port_adc2_voltage,ADC2 Voltage,ExtendPort,State,,rw,uint16,int,,,True,0x0000,0,0,0,,
0x5000,m1_lq,Lq,Motor,BaseParam,M1,rw,float,float,1000000, µH,True,0x399B 0xD183,14747 53635,0.0002972000220324844,297.2000220324844,,
0x5002,m2_lq,Lq,Motor,BaseParam,M2,rw,float,float,1000000, µH,True,0x3995 0x9451,14741 37969,0.0002852999896276742,285.2999896276742,,
0x5008,m1_ld,Ld,Motor,BaseParam,M1,rw,float,float,1000000, µH,True,0x399B 0xD183,14747 53635,0.0002972000220324844,297.2000220324844,,
0x500A,m2_ld,Ld,Motor,BaseParam,M2,rw,float,float,1000000, µH,True,0x3995 0x9451,14741 37969,0.0002852999896276742,285.2999896276742,,
0x5010,m1_rs,Rs,Motor,BaseParam,M1,rw,float,float,1000, mΩ,True,0x3DF2 0x4746,15858 18246,0.11830000579357147,118.30000579357147,,
0x5012,m2_rs,Rs,Motor,BaseParam,M2,rw,float,float,1000, mΩ,True,0x3DD7 0xDBF5,15831 56309,0.10540000349283218,105.40000349283218,,
0x5018,m1_pole_pair,Pole Pair,Motor,BaseParam,M1,rw,uint16,int,,,True,0x0018,24,24,24,,
0x5019,m2_pole_pair,Pole Pair,Motor,BaseParam,M2,rw,uint16,int,,,True,0x0018,24,24,24,,
0x501C,m1_max_rpm,Max RPM,Motor,BaseParam,M1,rw,uint16,int,, rpm,True,0x0064,100,100,100,,
0x501D,m2_max_rpm,Max RPM,Motor,BaseParam,M2,rw,uint16,int,, rpm,True,0x0064,100,100,100,,
0x5020,m1_max_current,Max Current,Motor,BaseParam,M1,rw,uint16,int,, A,True,0x001E,30,30,30,,
0x5021,m2_max_current,Max Current,Motor,BaseParam,M2,rw,uint16,int,, A,True,0x001E,30,30,30,,
0x5024,m1_kv,KV,Motor,BaseParam,M1,,uint16,float,0.1, rpm/V,True,0x00A6,166,166,16.6,,
0x5025,m2_kv,KV,Motor,BaseParam,M2,,uint16,float,0.1, rpm/V,True,0x00A6,166,166,16.6,,
0x5028,m1_direction,Direction,Motor,BaseParam,M1,rw,uint16,enum,,,True,0x0001,1,1,1,Inversion,
0x5029,m2_direction,Direction,Motor,BaseParam,M2,rw,uint16,enum,,,True,0x0001,1,1,1,Inversion,
0x502C,m1_sensor_type,Sensor Type,Motor,BaseParam,M1,rw,uint16,enum,,,True,0x0001,1,1,1,Hall,
0x502D,m2_sensor_type,Sensor Type,Motor,BaseParam,M2,rw,uint16,enum,,,True,0x0001,1,1,1,Hall,
0x5030,m1_driving_wheel_teeth,Driving Wheel Teeth,Motor,BaseParam,M1,rw,uint16,int,,,True,0x0001,1,1,1,,
0x5031,m2_driving_wheel_teeth,Driving Wheel Teeth,Motor,BaseParam,M2,rw,uint16,int,,,True,0x0001,1,1,1,,
0x5034,m1_driven_wheel_teeth,Driven Wheel  Teeth,Motor,BaseParam,M1,rw,uint16,int,,,True,0x0005,5,5,5,,
0x5035,m2_driven_wheel_teeth,Driven Wheel  Teeth,Motor,BaseParam,M2,rw,uint16,int,,,True,0x0005,5,5,5,,
0x5100,m1_control_mode,Control Mode,Motor,MotionParam,M1,rw,int16,enum,,,True,0x0000,0,0,0,Speed Mode,
0x5101,m2_control_mode,Control Mode,Motor,MotionParam,M2,rw,int16,enum,,,True,0x0000,0,0,0,Speed Mode,
0x5104,m1_position_mode,Position Mode,Motor,MotionParam,M1,rw,uint16,enum,,,True,0x0001,1,1,1,Relative Position,
0x5105,m2_position_mode,Position Mode,Motor,MotionParam,M2,rw,uint16,enum,,,True,0x0001,1,1,1,Relative Position,
0x5108,m1_speed_up_acc,Speed Up Acc,Motor,MotionParam,M1,rw,uint16,int,, rpm/s,True,0x002D,45,45,45,,
0x5109,m2_speed_up_acc,Speed Up Acc,Motor,MotionParam,M2,rw,uint16,int,, rpm/s,True,0x002D,45,45,45,,
0x510C,m1_speed_down_acc,Speed Down Acc,Motor,MotionParam,M1,rw,uint16,int,, rpm/s,True,0x0028,40,40,40,,
0x510D,m2_speed_down_acc,Speed Down Acc,Motor,MotionParam,M2,rw,uint16,int,, rpm/s,True,0x0028,40,40,40,,
0x5110,m1_speed_smooth_time,Speed Smooth Time,Motor,MotionParam,M1,rw,uint16,int,,,True,0x0064,100,100,100,,
0x5111,m2_speed_smooth_time,Speed Smooth Time,Motor,MotionParam,M2,rw,uint16,int,,,True,0x0064,100,100,100,,
0x5200,m1_speed_kp,Speed Kp,Motor,PIDParam,M1,rw,float,float,,,True,0x3E99 0x999A,16025 39322,0.30000001192092896,0.30000001192092896,,
0x5202,m2_speed_kp,Speed Kp,Motor,PIDParam,M2,rw,float,float,,,True,0x3E99 0x999A,16025 39322,0.30000001192092896,0.30000001192092896,,
0x5208,m1_speed_Ki,Speed Ki,Motor,PIDParam,M1,rw,float,float,,,True,0x3DCC 0xCCCD,15820 52429,0.10000000149011612,0.10000000149011612,,
0x520A,m2_speed_Ki,Speed Ki,Motor,PIDParam,M2,rw,float,float,,,True,0x3DCC 0xCCCD,15820 52429,0.10000000149011612,0.10000000149011612,,
0x5210,m1_speed_kd,Speed Kd,Motor,PIDParam,M1,rw,float,float,,,True,0x4000 0x0000,16384 0,2.0,2.0,,
0x5212,m2_speed_kd,Speed Kd,Motor,PIDParam,M2,rw,float,float,,,True,0x4000 0x0000,16384 0,2.0,2.0,,
0x5218,m1_position_kp,Position Kp,Motor,PIDParam,M1,rw,float,float,,,True,0x41C8 0x0000,16840 0,25.0,25.0,,
0x521A,m2_position_kp,Position Kp,Motor,PIDParam,M2,rw,float,float,,,True,0x41C8 0x0000,16840 0,25.0,25.0,,
0x5220,m1_position_ki,Position Ki,Motor,PIDParam,M1,rw,float,float,,,True,0x0000 0x0000,0 0,0.0,0.0,,
0x5222,m2_position_ki,Position Ki,Motor,PIDParam,M2,rw,float,float,,,True,0x0000 0x0000,0 0,0.0,0.0,,
0x5228,m1_position_Kd,Position Kd,Motor,PIDParam,M1,rw,float,float,,,True,0x4120 0x0000,16672 0,10.0,10.0,,
0x522A,m2_position_Kd,Position Kd,Motor,PIDParam,M2,rw,float,float,,,True,0x4120 0x0000,16672 0,10.0,10.0,,
0x5230,m1_current_gain,Current Gain,Motor,PIDParam,M1,rw,float,float,,,True,0x3E80 0x0000,16000 0,0.25,0.25,,
0x5232,m2_current_gain,Current Gain,Motor,PIDParam,M2,rw,float,float,,,True,0x3E80 0x0000,16000 0,0.25,0.25,,
0x5238,m1_speed_feed_forward_gain,Speed Feed Forward Gain,Motor,PIDParam,M1,rw,float,float,,,True,0x3F80 0x0000,16256 0,1.0,1.0,,
0x523A,m2_speed_feed_forward_gain,Speed Feed Forward Gain,Motor,PIDParam,M2,rw,float,float,,,True,0x3F80 0x0000,16256 0,1.0,1.0,,
0x5240,m1_speed_dead_zone,Speed Dead Zone,Motor,PIDParam,M1,rw,uint16,int,,,True,0x0000,0,0,0,,
0x5241,m2_speed_dead_zone,Speed Dead Zone,Motor,PIDParam,M2,rw,uint16,int,,,True,0x0000,0,0,0,,
0x5248,m1_speed_acc_kp,Speed Acc Kp,Motor,PIDParam,M1,rw,float,float,,,True,0x41A0 0x0000,16800 0,20.0,20.0,,
0x524A,m2_speed_acc_kp,Speed Acc Kp,Motor,PIDParam,M2,rw,float,float,,,True,0x3AC4 0x9BA6,15044 39846,0.001500000013038516,0.001500000013038516,,
0x5250,m1_speed_acc_Ki,Speed Acc Ki,Motor,PIDParam,M1,rw,float,float,,,True,0x3F80 0x0000,16256 0,1.0,1.0,,
0x5252,m2_speed_acc_Ki,Speed Acc Ki,Motor,PIDParam,M2,rw,float,float,,,True,0x38D1 0xB717,14545 46871,9.999999747378752e-05,9.999999747378752e-05,,
0x5258,m1_speed_acc_Kd,Speed Acc Kd,Motor,PIDParam,M1,rw,float,float,,,True,0x4120 0x0000,16672 0,10.0,10.0,,
0x525A,m2_speed_acc_Kd,Speed Acc Kd,Motor,PIDParam,M2,rw,float,float,,,True,0x0000 0x0000,0 0,0.0,0.0,,
0x5260,m1_position_pid_Kd_filter,Position pid Kd filter,Motor,PIDParam,M1,rw,uint16,int,,,True,0x0BB8,3000,3000,3000,,
0x5262,m2_position_pid_Kd_filter,Position pid Kd filter,Motor,PIDParam,M2,rw,uint16,int,,,True,0x0BB8,3000,3000,3000,,
0x5264,m1_speed_pid_Kd_filter,Speed pid Kd filter,Motor,PIDParam,M1,rw,uint16,int,,,True,0x0FA0,4000,4000,4000,,
0x5266,m2_speed_pid_Kd_filter,Speed pid Kd filter,Motor,PIDParam,M2,rw,uint16,int,,,True,0x0FA0,4000,4000,4000,,
0x5268,m1_acc_pid_Kd_filter,Acc pid Kd filter,Motor,PIDParam,M1,rw,uint16,int,,,True,0x0FA0,4000,4000,4000,,
0x526A,m2_acc_pid_Kd_filter,Acc pid Kd filter,Motor,PIDParam,M2,rw,uint16,int,,,True,0x0FA0,4000,4000,4000,,
0x526C,m1_speed_feedback_filter,Speed feedback filter,Motor,PIDParam,M1,rw,uint16,int,,,True,0x001E,30,30,30,,
0x526E,m2_speed_feedback_filter,Speed feedback filter,Motor,PIDParam,M2,rw,uint16,int,,,True,0x001E,30,30,30,,
0x5270,m1_acc_feedback_filter,Acc feedback filter,Motor,PIDParam,M1,rw,uint16,int,,,True,0x0000,0,0,0,,
0x5272,m2_acc_feedback_filter,Acc feedback filter,Motor,PIDParam,M2,rw,uint16,int,,,True,0x0000,0,0,0,,
0x5274,m1_current_cmd_Filter,current cmd Filter,Motor,PIDParam,M1,rw,uint16,int,,,True,0x0000,0,0,0,,
0x5276,m2_current_cmd_Filter,current cmd Filter,Motor,PIDParam,M2,rw,uint16,int,,,True,0x0000,0,0,0,,
0x5278,m1_speedLoop_bypass,speedLoop bypass,Motor,PIDParam,M1,rw,uint16,int,,,True,0x0001,1,1,1,,
0x527A,m2_speedLoop_bypass,speedLoop bypass,Motor,PIDParam,M2,rw,uint16,int,,,True,0x0001,1,1,1,,
0x5300,m1_motor_ctrol,Motor Control,Motor,CtrlParam,M1,rw,uint16,int,,,True,0x0000,0,0,0,,
0x5301,m2_motor_ctrol,Motor Control,Motor,CtrlParam,M2,rw,uint16,int,,,True,0x0000,0,0,0,,
0x5304,m1_given_speed,Given Speed,Motor,CtrlParam,M1,rw,int16,int,, rpm,True,0x0000,0,0,0,,
0x5305,m2_given_speed,Given Speed,Motor,CtrlParam,M2,rw,int16,int,, rpm,True,0x0000,0,0,0,,
0x5308,m1_given_current,Given Current,Motor,CtrlParam,M1,rw,int16,float,0.1, A,True,0x0000,0,0,0.0,,
0x5309,m2_given_current,Given Current,Motor,CtrlParam,M2,rw,int16,float,0.1, A,True,0x0000,0,0,0.0,,
0x530C,m1_given_position,Given Position,Motor,CtrlParam,M1,rw,int32,int,,,True,0x0000 0x0000,0 0,0,0,,
0x530E,m2_given_position,Given Position,Motor,CtrlParam,M2,rw,int32,int,,,True,0x0000 0x0000,0 0,0,0,,
0x5400,m1_run_state,Run State,Motor,StateParam,M1,ro,uint16,int,,,True,0x0000,0,0,0,,
0x5401,m2_run_state,Run State,Motor,StateParam,M1,ro,uint16,int,,,True,0x0000,0,0,0,,
0x5404,m1_motor_temp,Motor Temp,Motor,StateParam,M1,ro,int16,int,0.1, ℃,True,0xFF1D,65309,-227,-22.700000000000003,,
0x5405,m2_motor_temp,Motor Temp,Motor,StateParam,M1,ro,int16,int,0.1, ℃,True,0xFF1D,65309,-227,-22.700000000000003,,
0x5408,m1_mos_temp,MOS Temp,Motor,StateParam,M1,ro,int16,int,0.1, ℃,True,0x00DD,221,221,22.1,,
0x5409,m2_mos_temp,MOS Temp,Motor,StateParam,M1,ro,int16,int,0.1, ℃,True,0x00DD,221,221,22.1,,
0x540C,m1_bus_volt,Bus Volt,Motor,StateParam,M1,ro,int16,int,0.1,,True,0x0219,537,537,53.7,,
0x540D,m2_bus_volt,Bus Volt,Motor,StateParam,M1,ro,int16,int,0.1,,True,0x0219,537,537,53.7,,
0x5410,m1_speed,Speed,Motor,StateParam,M1,ro,int16,int,0.1, rpm,True,0x0000,0,0,0.0,,
0x5411,m2_speed,Speed,Motor,StateParam,M1,ro,int16,int,0.1, rpm,True,0x0000,0,0,0.0,,
0x5414,m1_current,Current,Motor,StateParam,M1,ro,int16,int,0.1, A,True,0xFFFF,65535,-1,-0.1,,
0x5415,m2_current,Current,Motor,StateParam,M1,ro,int16,int,0.1, A,True,0x0000,0,0,0.0,,
0x5418,m1_position,Position,Motor,StateParam,M1,ro,int32,int,,,True,0x0000 0x0000,0 0,0,0,,
0x541A,m2_position,Position,Motor,StateParam,M1,ro,int32,int,,,True,0x0000 0x0000,0 0,0,0,,
0x5420,m1_error_code,Error Code,Motor,StateParam,M1,ro,uint32,int,,,True,0x0000 0x0000,0 0,0,0,,
0x5422,m2_error_code,Error Code,Motor,StateParam,M1,ro,uint32,int,,,True,0x0000 0x0000,0 0,0,0,,
0x5504,m1_encoder_linenum_bitnum,Encoder Line Num/Bit Num,Motor,Encoder,M1,rw,uint16,int,,,True,0x0400,1024,1024,1024,,
0x5505,m2_encoder_linenum_bitnum,Encoder Line Num/Bit Num,Motor,Encoder,M2,rw,uint16,int,,,True,0x0400,1024,1024,1024,,
0x5508,m1_encoder_direction,Encoder Direction,Motor,Encoder,M1,ro,uint16,int,,,True,0x0000,0,0,0,,
0x5509,m2_encoder_direction,Encoder Direction,Motor,Encoder,M2,ro,uint16,int,,,True,0x0000,0,0,0,,
0x550C,m1_encoder_offset,Encoder Offset,Motor,Encoder,M1,ro,int16,int,,,True,0x002A,42,42,42,,
0x550D,m2_encoder_offset,Encoder Offset,Motor,Encoder,M2,ro,int16,int,,,True,0x0028,40,40,40,,
0x5580,m1_encoder_temp,Encoder Temp,Motor,EncoderState,M1,ro,int16,int,0.1, ℃,True,0x0000,0,0,0.0,,
0x5581,m2_encoder_temp,Encoder Temp,Motor,EncoderState,M2,ro,int16,int,0.1, ℃,True,0x0000,0,0,0.0,,
0x5584,m1_encoder_cali_state,Cali State,Motor,EncoderState,M1,ro,uint16,int,,,True,0x0000,0,0,0,,
0x5585,m2_encoder_cali_state,Cali State,Motor,EncoderState,M2,ro,uint16,int,,,True,0x0000,0,0,0,,
0x5620,m1_hall_install_type,Hall Install Type,Motor,Hall,M1,rw,uint16,enum,,,True,0x0000,0,0,0,120°,
0x5621,m2_hall_install_type,Hall Install Type,Motor,Hall,M2,rw,uint16,enum,,,True,0x0000,0,0,0,120°,
0x5624,m1_hall_detect_current,Hall Detect Current,Motor,Hall,M1,rw,uint16,int,,,True,0x000F,15,15,15,,
0x5625,m2_hall_detect_current,Hall Detect Current,Motor,Hall,M2,rw,uint16,int,,,True,0x000F,15,15,15,,
0x5640,m1_hall_table_0,Hall Table 0,Motor,Hall,M1,ro,int16,int,,,True,0x0000,0,0,0,,
0x5641,m1_hall_table_1,Hall Table 1,Motor,Hall,M1,ro,int16,int,,,True,0x002C,44,44,44,,
0x5642,m1_hall_table_2,Hall Table 2,Motor,Hall,M1,ro,int16,int,,,True,0x0067,103,103,103,,
0x5643,m1_hall_table_3,Hall Table 3,Motor,Hall,M1,ro,int16,int,,,True,0x00A4,164,164,164,,
0x5644,m1_hall_table_4,Hall Table 4,Motor,Hall,M1,ro,int16,int,,,True,0x00E0,224,224,224,,
0x5645,m1_hall_table_5,Hall Table 5,Motor,Hall,M1,ro,int16,int,,,True,0x011B,283,283,283,,
0x5646,m1_hall_table_6,Hall Table 6,Motor,Hall,M1,ro,int16,int,,,True,0x0159,345,345,345,,
0x5647,m1_hall_table_7,Hall Table 7,Motor,Hall,M1,ro,int16,int,,,True,0x0000,0,0,0,,
0x5650,m2_hall_table_0,Hall Table 0,Motor,Hall,M2,ro,int16,int,,,True,0x0000,0,0,0,,
0x5651,m2_hall_table_1,Hall Table 1,Motor,Hall,M2,ro,int16,int,,,True,0x0028,40,40,40,,
0x5652,m2_hall_table_2,Hall Table 2,Motor,Hall,M2,ro,int16,int,,,True,0x0063,99,99,99,,
0x5653,m2_hall_table_3,Hall Table 3,Motor,Hall,M2,ro,int16,int,,,True,0x00A1,161,161,161,,
0x5654,m2_hall_table_4,Hall Table 4,Motor,Hall,M2,ro,int16,int,,,True,0x00DC,220,220,220,,
0x5655,m2_hall_table_5,Hall Table 5,Motor,Hall,M2,ro,int16,int,,,True,0x0118,280,280,280,,
0x5656,m2_hall_table_6,Hall Table 6,Motor,Hall,M2,ro,int16,int,,,True,0x0157,343,343,343,,
0x5657,m2_hall_table_7,Hall Table 7,Motor,Hall,M2,ro,int16,int,,,True,0x0000,0,0,0,,
0x5680,m1_hall_temp,Hall Temp,Motor,HallState,M1,ro,uint16,int,,,True,0x0000,0,0,0,,
0x5681,m2_hall_temp,Hall Temp,Motor,HallState,M2,ro,uint16,int,,,True,0x0000,0,0,0,,
0x5684,m1_hall_cali_state,Cali State,Motor,HallState,M1,ro,uint16,int,,,True,0x0000,0,0,0,,
0x5685,m2_hall_cali_state,Cali State,Motor,HallState,M2,ro,uint16,int,,,True,0x0000,0,0,0,,
0x5688,m1_hall_state,Hall State,Motor,HallState,M1,ro,uint16,int,,,True,0x0000,0,0,0,,
0x5689,m2_hall_state,Hall State,Motor,HallState,M2,ro,uint16,int,,,True,0x0000,0,0,0,,
0x568C,m1_hall_angle,Hall Angle,Motor,HallState,M1,ro,int16,int,,,True,0x00D1,209,209,209,,
0x568D,m2_hall_angle,Hall Angle,Motor,HallState,M2,ro,int16,int,,,True,0x0059,89,89,89,,
0x5710,m1_identify_state,Identify State,Motor,MotorIdentify,M1,ro,uint16,int,,,True,0x0000,0,0,0,,
0x5711,m2_identify_state,Identify State,Motor,MotorIdentify,M2,ro,uint16,int,,,True,0x0000,0,0,0,,
0x5714,m1_identify_rs,Identify Rs,Motor,MotorIdentify,M1,ro,uint16,int,,,True,0x0000,0,0,0,,
0x5715,m2_identify_rs,Identify Rs,Motor,MotorIdentify,M2,ro,uint16,int,,,True,0x0000,0,0,0,,
0x5718,m1_identify_ld,Identify Ld,Motor,MotorIdentify,M1,ro,uint16,int,,,True,0x0000,0,0,0,,
0x5719,m2_identify_ld,Identify Ld,Motor,MotorIdentify,M2,ro,uint16,int,,,True,0x0000,0,0,0,,
0x571C,m1_identify_lq,Identify Lq,Motor,MotorIdentify,M1,ro,uint16,int,,,True,0x0000,0,0,0,,
0x571D,m2_identify_lq,Identify Lq,Motor,MotorIdentify,M2,ro,uint16,int,,,True,0x0000,0,0,0,,
