direction,pwm_us,offset_from_neutral_us,output_deg_s_signed,output_rpm_signed,s550_rpm_inferred_signed_ratio_108_15,s550_rpm_magnitude,r_squared,accepted_samples,measurement_samples,source
ANGLE_INCREASING_PWM_BELOW_1500,500,-1000,53.55994,8.92666,64.27192,64.27192,0.998425,69,75,s550-pwm-sweep-20260821-135314.csv
ANGLE_INCREASING_PWM_BELOW_1500,550,-950,53.89768,8.98295,64.67721,64.67721,0.998567,68,75,s550-pwm-sweep-20260821-135314.csv
ANGLE_INCREASING_PWM_BELOW_1500,600,-900,53.34016,8.89003,64.00820,64.00820,0.998982,59,76,s550-pwm-sweep-20260821-135314.csv
ANGLE_INCREASING_PWM_BELOW_1500,700,-800,50.86256,8.47709,61.03507,61.03507,0.998268,61,75,s550-pwm-sweep-20260821-135314.csv
ANGLE_INCREASING_PWM_BELOW_1500,800,-700,45.98486,7.66414,55.18183,55.18183,0.998202,55,75,s550-pwm-sweep-20260821-135314.csv
ANGLE_INCREASING_PWM_BELOW_1500,900,-600,39.99272,6.66545,47.99126,47.99126,0.998103,64,75,s550-pwm-sweep-20260821-135314.csv
ANGLE_INCREASING_PWM_BELOW_1500,1000,-500,31.17187,5.19531,37.40624,37.40624,0.997893,69,75,s550-pwm-sweep-20260821-135314.csv
ANGLE_INCREASING_PWM_BELOW_1500,1040,-460,28.02317,4.67053,33.62781,33.62781,0.997554,68,75,s550-pwm-sweep-20260821-135314.csv
ANGLE_INCREASING_PWM_BELOW_1500,1100,-400,22.53518,3.75586,27.04221,27.04221,0.997667,70,75,s550-pwm-sweep-partial-1450-1100-20260821-134945.csv
ANGLE_INCREASING_PWM_BELOW_1500,1150,-350,19.08312,3.18052,22.89974,22.89974,0.997563,73,75,s550-pwm-sweep-partial-1450-1100-20260821-134945.csv
ANGLE_INCREASING_PWM_BELOW_1500,1200,-300,16.18797,2.69800,19.42557,19.42557,0.997670,75,75,s550-pwm-sweep-partial-1450-1100-20260821-134945.csv
ANGLE_INCREASING_PWM_BELOW_1500,1250,-250,12.47823,2.07970,14.97387,14.97387,0.993657,75,75,s550-pwm-sweep-partial-1450-1100-20260821-134945.csv
ANGLE_INCREASING_PWM_BELOW_1500,1300,-200,9.48732,1.58122,11.38479,11.38479,0.994303,75,75,s550-pwm-sweep-partial-1450-1100-20260821-134945.csv
ANGLE_INCREASING_PWM_BELOW_1500,1350,-150,6.37595,1.06266,7.65114,7.65114,0.992492,74,74,s550-pwm-sweep-partial-1450-1100-20260821-134945.csv
ANGLE_INCREASING_PWM_BELOW_1500,1400,-100,2.97731,0.49622,3.57277,3.57277,0.948093,75,75,s550-pwm-sweep-partial-1450-1100-20260821-134945.csv
ANGLE_INCREASING_PWM_BELOW_1500,1450,-50,0.06263,0.01044,0.07516,0.07516,0.008830,75,75,s550-pwm-sweep-partial-1450-1100-20260821-134945.csv
NEUTRAL_REFERENCE,1500,0,0.00000,0.00000,0.00000,0.00000,,,,neutral_reference
ANGLE_DECREASING_PWM_ABOVE_1500,1550,50,-0.06000,-0.01000,-0.07200,0.07200,0.123404,60,60,s550-pwm-sweep-positive-partial-1550-2400-20260821.csv
ANGLE_DECREASING_PWM_ABOVE_1500,1600,100,-0.00740,-0.00123,-0.00888,0.00888,0.004533,60,60,s550-pwm-sweep-positive-partial-1550-2400-20260821.csv
ANGLE_DECREASING_PWM_ABOVE_1500,1650,150,-4.42001,-0.73667,-5.30401,5.30401,0.998253,60,60,s550-pwm-sweep-positive-partial-1550-2400-20260821.csv
ANGLE_DECREASING_PWM_ABOVE_1500,1680,180,-6.43903,-1.07317,-7.72684,7.72684,0.998421,60,60,s550-pwm-sweep-positive-partial-1550-2400-20260821.csv
ANGLE_DECREASING_PWM_ABOVE_1500,1700,200,-7.19130,-1.19855,-8.62956,8.62956,0.995377,60,60,s550-pwm-sweep-positive-partial-1550-2400-20260821.csv
ANGLE_DECREASING_PWM_ABOVE_1500,1750,250,-10.19816,-1.69969,-12.23779,12.23779,0.996357,60,60,s550-pwm-sweep-positive-partial-1550-2400-20260821.csv
ANGLE_DECREASING_PWM_ABOVE_1500,1800,300,-14.02115,-2.33686,-16.82538,16.82538,0.997047,60,60,s550-pwm-sweep-positive-partial-1550-2400-20260821.csv
ANGLE_DECREASING_PWM_ABOVE_1500,1850,350,-18.03977,-3.00663,-21.64773,21.64773,0.997965,60,60,s550-pwm-sweep-positive-partial-1550-2400-20260821.csv
ANGLE_DECREASING_PWM_ABOVE_1500,1900,400,-20.40255,-3.40043,-24.48306,24.48306,0.997286,60,60,s550-pwm-sweep-positive-partial-1550-2400-20260821.csv
ANGLE_DECREASING_PWM_ABOVE_1500,1960,460,-25.06045,-4.17674,-30.07254,30.07254,0.998349,60,60,s550-pwm-sweep-positive-partial-1550-2400-20260821.csv
ANGLE_DECREASING_PWM_ABOVE_1500,2000,500,-29.14022,-4.85670,-34.96826,34.96826,0.998257,59,60,s550-pwm-sweep-positive-partial-1550-2400-20260821.csv
ANGLE_DECREASING_PWM_ABOVE_1500,2100,600,-25.89884,-4.31647,-31.07860,31.07860,0.996783,60,60,s550-pwm-sweep-positive-partial-1550-2400-20260821.csv
ANGLE_DECREASING_PWM_ABOVE_1500,2200,700,-34.11916,-5.68653,-40.94300,40.94300,0.993017,58,60,s550-pwm-sweep-positive-partial-1550-2400-20260821.csv
ANGLE_DECREASING_PWM_ABOVE_1500,2300,800,-34.30531,-5.71755,-41.16638,41.16638,0.996406,53,60,s550-pwm-sweep-positive-partial-1550-2400-20260821.csv
ANGLE_DECREASING_PWM_ABOVE_1500,2400,900,-49.91569,-8.31928,-59.89883,59.89883,0.998188,56,60,s550-pwm-sweep-positive-partial-1550-2400-20260821.csv
ANGLE_DECREASING_PWM_ABOVE_1500,2450,950,-53.47601,-8.91267,-64.17121,64.17121,0.998994,48,60,s550-pwm-sweep-positive-2450-2500-20260821.csv
ANGLE_DECREASING_PWM_ABOVE_1500,2500,1000,-52.93425,-8.82237,-63.52110,63.52110,0.998735,43,60,s550-pwm-sweep-positive-2450-2500-20260821.csv
