time_ms,raw_angle,raw_angle_deg,corrected_cyclic_deg,unwrapped_raw_deg,servo_us,phase,i2c_valid,accepted,md,glitch
48,3459,304.01367,314.75555,-0.08789,1500,START_NEUTRAL,1,1,1,0
98,3459,304.01367,314.75555,-0.08789,1500,START_NEUTRAL,1,1,1,0
148,3460,304.10156,314.83408,0.00000,1500,START_NEUTRAL,1,1,1,0
198,3460,304.10156,314.83408,0.00000,1500,START_NEUTRAL,1,1,1,0
248,3462,304.27734,314.99109,0.17578,1500,START_NEUTRAL,1,1,1,0
298,3462,304.27734,314.99109,0.17578,1500,START_NEUTRAL,1,1,1,0
348,3463,304.36523,315.06961,0.26367,1500,START_NEUTRAL,1,1,1,0
398,3463,304.36523,315.06961,0.26367,1500,START_NEUTRAL,1,1,1,0
450,3460,304.10156,314.83408,0.00000,1500,START_NEUTRAL,1,1,1,0
498,3460,304.10156,314.83408,0.00000,1500,START_NEUTRAL,1,1,1,0
548,3460,304.10156,314.83408,0.00000,1500,START_NEUTRAL,1,1,1,0
598,3460,304.10156,314.83408,0.00000,1500,START_NEUTRAL,1,1,1,0
648,3460,304.10156,314.83408,0.00000,1500,START_NEUTRAL,1,1,1,0
698,3460,304.10156,314.83408,0.00000,1500,START_NEUTRAL,1,1,1,0
748,3460,304.10156,314.83408,0.00000,1500,START_NEUTRAL,1,1,1,0
798,3460,304.10156,314.83408,0.00000,1500,START_NEUTRAL,1,1,1,0
848,3460,304.10156,314.83408,0.00000,1500,START_NEUTRAL,1,1,1,0
898,3460,304.10156,314.83408,0.00000,1500,START_NEUTRAL,1,1,1,0
948,3459,304.01367,314.75555,-0.08789,1500,START_NEUTRAL,1,1,1,0
998,3459,304.01367,314.75555,-0.08789,1500,START_NEUTRAL,1,1,1,0
1048,3460,304.10156,314.83408,0.00000,1500,START_NEUTRAL,1,1,1,0
1101,3460,304.10156,314.83408,0.00000,1500,START_NEUTRAL,1,1,1,0
1148,3460,304.10156,314.83408,0.00000,1500,START_NEUTRAL,1,1,1,0
1201,3460,304.10156,314.83408,0.00000,1500,START_NEUTRAL,1,1,1,0
1248,3460,304.10156,314.83408,0.00000,1500,START_NEUTRAL,1,1,1,0
1298,3460,304.10156,314.83408,0.00000,1500,START_NEUTRAL,1,1,1,0
1348,3462,304.27734,314.99109,0.17578,1500,START_NEUTRAL,1,1,1,0
1398,3462,304.27734,314.99109,0.17578,1500,START_NEUTRAL,1,1,1,0
1448,3462,304.27734,314.99109,0.17578,1500,START_NEUTRAL,1,1,1,0
1498,3482,306.03516,316.56140,1.93359,1500,START_NEUTRAL,1,1,1,0
1548,3482,306.03516,316.56140,1.93359,1500,START_NEUTRAL,1,1,1,0
1598,3470,304.98047,315.61923,0.87891,1500,START_NEUTRAL,1,1,1,0
1648,3470,304.98047,315.61923,0.87891,1500,START_NEUTRAL,1,1,1,0
1698,3460,304.10156,314.83408,0.00000,1500,START_NEUTRAL,1,1,1,0
1748,3460,304.10156,314.83408,0.00000,1500,START_NEUTRAL,1,1,1,0
1798,3460,304.10156,314.83408,0.00000,1500,START_NEUTRAL,1,1,1,0
1848,3460,304.10156,314.83408,0.00000,1500,START_NEUTRAL,1,1,1,0
1898,3460,304.10156,314.83408,0.00000,1500,START_NEUTRAL,1,1,1,0
1948,3460,304.10156,314.83408,0.00000,1500,START_NEUTRAL,1,1,1,0
1998,3460,304.10156,314.83408,0.00000,1500,START_NEUTRAL,1,1,1,0
2048,3460,304.10156,314.83408,0.00000,1500,START_NEUTRAL,1,1,1,0
2098,3460,304.10156,314.83408,0.00000,1500,START_NEUTRAL,1,1,1,0
2148,3460,304.10156,314.83408,0.00000,1500,START_NEUTRAL,1,1,1,0
2198,3460,304.10156,314.83408,0.00000,1500,START_NEUTRAL,1,1,1,0
2248,3460,304.10156,314.83408,0.00000,1500,START_NEUTRAL,1,1,1,0
2298,3460,304.10156,314.83408,0.00000,1500,START_NEUTRAL,1,1,1,0
2348,3460,304.10156,314.83408,0.00000,1500,START_NEUTRAL,1,1,1,0
2398,3460,304.10156,314.83408,0.00000,1500,START_NEUTRAL,1,1,1,0
2449,3460,304.10156,314.83408,0.00000,1500,START_NEUTRAL,1,1,1,0
2498,3460,304.10156,314.83408,0.00000,1500,START_NEUTRAL,1,1,1,0
2551,3460,304.10156,314.83408,0.00000,1500,START_NEUTRAL,1,1,1,0
2598,3461,304.18945,314.91257,0.08789,1500,START_NEUTRAL,1,1,1,0
2648,3461,304.18945,314.91257,0.08789,1500,START_NEUTRAL,1,1,1,0
2698,3460,304.10156,314.83408,0.00000,1500,START_NEUTRAL,1,1,1,0
2748,3460,304.10156,314.83408,0.00000,1500,START_NEUTRAL,1,1,1,0
2798,3457,303.83789,314.59851,-0.26367,1500,START_NEUTRAL,1,1,1,0
2848,3457,303.83789,314.59851,-0.26367,1500,START_NEUTRAL,1,1,1,0
2898,3456,303.75000,314.51999,-0.35156,1500,START_NEUTRAL,1,1,1,0
2948,3456,303.75000,314.51999,-0.35156,1500,START_NEUTRAL,1,1,1,0
2998,3462,304.27734,314.99109,0.17578,1500,START_NEUTRAL,1,1,1,0
3048,3462,304.27734,314.99109,0.17578,1566,RAMP_IN,1,1,1,0
3098,3460,304.10156,314.83408,0.00000,1648,RAMP_IN,1,1,1,0
3148,3460,304.10156,314.83408,0.00000,1724,RAMP_IN,1,1,1,0
3198,3461,304.18945,314.91257,0.08789,1807,RAMP_IN,1,1,1,0
3248,3461,304.18945,314.91257,0.08789,1883,RAMP_IN,1,1,1,0
3298,3448,303.04688,313.88437,-1.05469,1965,RAMP_IN,1,1,1,0
3348,3448,303.04688,313.88437,-1.05469,2041,RAMP_IN,1,1,1,0
3398,3414,300.05859,311.17358,-4.04297,2123,RAMP_IN,1,1,1,0
3448,3414,300.05859,311.17358,-4.04297,2199,RAMP_IN,1,1,1,0
3498,3370,296.19141,307.61578,-7.91016,2282,RAMP_IN,1,1,1,0
3548,3370,296.19141,307.61578,-7.91016,2358,RAMP_IN,1,1,1,0
3598,3317,291.53320,303.23447,-12.56836,2437,RAMP_IN,1,1,1,0
3648,3317,291.53320,303.23447,-12.56836,2450,SETTLE,1,1,1,0
3699,3259,286.43555,298.29868,-17.66602,2450,SETTLE,1,1,1,0
3748,3259,286.43555,298.29868,-17.66602,2450,SETTLE,1,1,1,0
3798,3198,281.07422,292.90796,-17.66602,2450,SETTLE,1,0,1,1
3848,3198,281.07422,292.90796,-23.02734,2450,SETTLE,1,1,1,0
3898,3140,275.97656,287.56781,-23.02734,2450,SETTLE,1,0,1,1
3946,-1,-1.00000,-1.00000,-23.02734,2450,SETTLE,0,0,1,0
3998,3086,271.23047,282.42859,-32.87109,2450,SETTLE,1,1,1,0
4046,-1,-1.00000,-1.00000,-32.87109,2450,SETTLE,0,0,1,0
4098,3033,266.57227,277.25571,-37.52930,2450,SETTLE,1,1,1,0
4148,3033,266.57227,277.25571,-37.52930,2450,SETTLE,1,1,1,0
4201,2982,262.08984,272.19110,-42.01172,2450,SETTLE,1,1,1,0
4249,2982,262.08984,272.19110,-42.01172,2450,SETTLE,1,1,1,0
4298,2930,257.51953,266.92828,-46.58203,2450,SETTLE,1,1,1,0
4348,2930,257.51953,266.92828,-46.58203,2450,SETTLE,1,1,1,0
4398,2879,253.03711,261.70212,-51.06445,2450,SETTLE,1,1,1,0
4448,2879,253.03711,261.70212,-51.06445,2450,SETTLE,1,1,1,0
4498,2835,249.16992,257.18304,-54.93164,2450,SETTLE,1,1,1,0
4548,2835,249.16992,257.18304,-54.93164,2450,SETTLE,1,1,1,0
4596,-1,-1.00000,-1.00000,-54.93164,2450,SETTLE,0,0,1,0
4648,2769,243.36914,250.45758,-60.73242,2450,MEASURE,1,1,1,0
4698,2769,243.36914,250.45758,-60.73242,2450,MEASURE,1,1,1,0
4748,2719,238.97461,245.40149,-65.12695,2450,MEASURE,1,1,1,0
4798,2719,238.97461,245.40149,-65.12695,2450,MEASURE,1,1,1,0
4846,-1,-1.00000,-1.00000,-65.12695,2450,MEASURE,0,0,1,0
4898,2671,234.75586,240.54742,-69.34570,2450,MEASURE,1,1,1,0
4948,2620,230.27344,235.40469,-73.82812,2450,MEASURE,1,1,1,0
4998,2620,230.27344,235.40469,-73.82812,2450,MEASURE,1,1,1,0
5048,2567,225.61523,230.12398,-78.48633,2450,MEASURE,1,1,1,0
5098,2567,225.61523,230.12398,-78.48633,2450,MEASURE,1,1,1,0
5148,2514,220.95703,224.91141,-83.14453,2450,MEASURE,1,1,1,0
5202,2514,220.95703,224.91141,-83.14453,2450,MEASURE,1,1,1,0
5248,2461,216.29883,219.72977,-87.80273,2450,MEASURE,1,1,1,0
5295,-1,-1.00000,-1.00000,-87.80273,2450,MEASURE,0,0,1,0
5348,2405,211.37695,214.25696,-92.72461,2450,MEASURE,1,1,1,0
5398,2405,211.37695,214.25696,-92.72461,2450,MEASURE,1,1,1,0
5448,2349,206.45508,208.80289,-97.64648,2450,MEASURE,1,1,1,0
5498,2349,206.45508,208.80289,-97.64648,2450,MEASURE,1,1,1,0
5548,2283,200.65430,202.46024,-97.64648,2450,MEASURE,1,0,1,1
5598,2293,201.53320,203.41727,-102.56836,2450,MEASURE,1,1,1,0
5648,2237,196.61133,198.07790,-107.49023,2450,MEASURE,1,1,1,0
5698,2237,196.61133,198.07790,-107.49023,2450,MEASURE,1,1,1,0
5748,2179,191.51367,192.52711,-107.49023,2450,MEASURE,1,0,1,1
5798,511,44.91211,35.21024,-107.49023,2450,MEASURE,1,0,1,1
5848,2124,186.67969,187.26968,-117.42188,2450,MEASURE,1,1,1,0
5898,2124,186.67969,187.26968,-117.42188,2450,MEASURE,1,1,1,0
5945,-1,-1.00000,-1.00000,-117.42188,2450,MEASURE,0,0,1,0
5998,2070,181.93359,182.14110,-122.16797,2450,MEASURE,1,1,1,0
6048,2014,177.01172,176.88046,-127.08984,2450,MEASURE,1,1,1,0
6098,2014,177.01172,176.88046,-127.08984,2450,MEASURE,1,1,1,0
6148,1959,172.17773,171.72929,-131.92383,2450,MEASURE,1,1,1,0
6198,1959,172.17773,171.72929,-131.92383,2450,MEASURE,1,1,1,0
6248,1900,166.99219,166.17719,-131.92383,2450,MEASURE,1,0,1,1
6298,1900,166.99219,166.17719,-137.10938,2450,MEASURE,1,1,1,0
6349,1843,161.98242,160.81523,-142.11914,2450,MEASURE,1,1,1,0
6398,1843,161.98242,160.81523,-142.11914,2450,MEASURE,1,1,1,0
6448,1784,156.79688,155.26688,-142.11914,2450,MEASURE,1,0,1,1
6498,1784,156.79688,155.26688,-147.30469,2450,MEASURE,1,1,1,0
6548,3583,314.91211,324.33398,-147.30469,2450,MEASURE,1,0,1,1
6598,1728,151.87500,149.96500,-152.22656,2450,MEASURE,1,1,1,0
6648,1672,146.95312,144.54813,-157.14844,2450,MEASURE,1,1,1,0
6698,1672,146.95312,144.54813,-157.14844,2450,MEASURE,1,1,1,0
6749,1618,142.20703,139.22078,-161.89453,2450,MEASURE,1,1,1,0
6798,1618,142.20703,139.22078,-161.89453,2450,MEASURE,1,1,1,0
6851,1569,137.90039,134.31290,-166.20117,2450,MEASURE,1,1,1,0
6897,-1,-1.00000,-1.00000,-166.20117,2450,MEASURE,0,0,1,0
6951,1515,133.15430,128.77617,-170.94727,2450,MEASURE,1,1,1,0
6998,1515,133.15430,128.77617,-170.94727,2450,MEASURE,1,1,1,0
7051,1464,128.67188,123.42438,-175.42969,2450,MEASURE,1,1,1,0
7098,1464,128.67188,123.42438,-175.42969,2450,MEASURE,1,1,1,0
7148,1414,124.27734,118.09172,-179.82422,2450,MEASURE,1,1,1,0
7198,3071,269.91211,280.98212,-179.82422,2450,MEASURE,1,0,1,1
7248,1362,119.70703,112.51578,-184.39453,2450,MEASURE,1,1,1,0
7298,1362,119.70703,112.51578,-184.39453,2450,MEASURE,1,1,1,0
7348,1311,115.22461,107.05586,-188.87695,2450,MEASURE,1,1,1,0
7398,1311,115.22461,107.05586,-188.87695,2450,MEASURE,1,1,1,0
7451,1261,110.83008,101.72977,-193.27148,2450,MEASURE,1,1,1,0
7498,1261,110.83008,101.72977,-193.27148,2450,MEASURE,1,1,1,0
7548,1195,105.02930,94.79461,-193.27148,2450,MEASURE,1,0,1,1
7598,1195,105.02930,94.79461,-199.07227,2450,MEASURE,1,1,1,0
7648,1195,105.02930,94.79461,-199.07227,2384,RAMP_OUT,1,1,1,0
7698,1144,100.54688,89.57437,-203.55469,2302,RAMP_OUT,1,1,1,0
7748,1144,100.54688,89.57437,-203.55469,2226,RAMP_OUT,1,1,1,0
7798,2559,224.91211,229.33148,-203.55469,2143,RAMP_OUT,1,0,1,1
7848,1114,97.91016,86.56078,-206.19141,2067,RAMP_OUT,1,1,1,0
7901,1053,92.54883,80.51977,-211.55273,1991,RAMP_OUT,1,1,1,0
7948,1053,92.54883,80.51977,-211.55273,1903,RAMP_OUT,1,1,1,0
7998,1014,89.12109,76.72984,-214.98047,1827,RAMP_OUT,1,1,1,0
8048,1014,89.12109,76.72984,-214.98047,1744,RAMP_OUT,1,1,1,0
8098,990,87.01172,74.42860,-217.08984,1665,RAMP_OUT,1,1,1,0
8148,990,87.01172,74.42860,-217.08984,1589,RAMP_OUT,1,1,1,0
8198,980,86.13281,73.48406,-217.96875,1513,RAMP_OUT,1,1,1,0
8248,980,86.13281,73.48406,-217.96875,1500,BETWEEN_LEVELS,1,1,1,0
8298,980,86.13281,73.48406,-217.96875,1500,BETWEEN_LEVELS,1,1,1,0
8348,980,86.13281,73.48406,-217.96875,1500,BETWEEN_LEVELS,1,1,1,0
8398,980,86.13281,73.48406,-217.96875,1500,BETWEEN_LEVELS,1,1,1,0
8448,980,86.13281,73.48406,-217.96875,1500,BETWEEN_LEVELS,1,1,1,0
8498,980,86.13281,73.48406,-217.96875,1500,BETWEEN_LEVELS,1,1,1,0
8548,980,86.13281,73.48406,-217.96875,1500,BETWEEN_LEVELS,1,1,1,0
8598,979,86.04492,73.38961,-218.05664,1500,BETWEEN_LEVELS,1,1,1,0
8648,979,86.04492,73.38961,-218.05664,1500,BETWEEN_LEVELS,1,1,1,0
8698,979,86.04492,73.38961,-218.05664,1500,BETWEEN_LEVELS,1,1,1,0
8751,979,86.04492,73.38961,-218.05664,1500,BETWEEN_LEVELS,1,1,1,0
8798,980,86.13281,73.48406,-217.96875,1500,BETWEEN_LEVELS,1,1,1,0
8848,980,86.13281,73.48406,-217.96875,1500,BETWEEN_LEVELS,1,1,1,0
8898,990,87.01172,74.42860,-217.08984,1500,BETWEEN_LEVELS,1,1,1,0
8948,990,87.01172,74.42860,-217.08984,1500,BETWEEN_LEVELS,1,1,1,0
8998,981,86.22070,73.57851,-217.88086,1500,BETWEEN_LEVELS,1,1,1,0
9048,981,86.22070,73.57851,-217.88086,1573,RAMP_IN,1,1,1,0
9098,981,86.22070,73.57851,-217.88086,1660,RAMP_IN,1,1,1,0
9148,981,86.22070,73.57851,-217.88086,1743,RAMP_IN,1,1,1,0
9198,976,85.78125,73.10625,-218.32031,1826,RAMP_IN,1,1,1,0
9248,976,85.78125,73.10625,-218.32031,1910,RAMP_IN,1,1,1,0
9298,962,84.55078,71.78391,-219.55078,1990,RAMP_IN,1,1,1,0
9348,962,84.55078,71.78391,-219.55078,2070,RAMP_IN,1,1,1,0
9398,928,81.56250,68.63250,-222.53906,2156,RAMP_IN,1,1,1,0
9448,928,81.56250,68.63250,-222.53906,2240,RAMP_IN,1,1,1,0
9498,886,77.87109,64.84484,-226.23047,2318,RAMP_IN,1,1,1,0
9548,886,77.87109,64.84484,-226.23047,2403,RAMP_IN,1,1,1,0
9602,830,72.94922,59.93359,-231.15234,2483,RAMP_IN,1,1,1,0
9648,830,72.94922,59.93359,-231.15234,2500,SETTLE,1,1,1,0
9698,764,67.14844,54.34094,-231.15234,2500,SETTLE,1,0,1,1
9748,764,67.14844,54.34094,-236.95312,2500,SETTLE,1,1,1,0
9798,693,60.90820,48.60477,-236.95312,2500,SETTLE,1,0,1,1
9848,693,60.90820,48.60477,-243.19336,2500,SETTLE,1,1,1,0
9898,620,54.49219,43.03719,-243.19336,2500,SETTLE,1,0,1,1
9948,620,54.49219,43.03719,-249.60938,2500,SETTLE,1,1,1,0
9998,541,47.54883,37.32133,-249.60938,2500,SETTLE,1,0,1,1
10048,541,47.54883,37.32133,-256.55273,2500,SETTLE,1,1,1,0
10099,463,40.69336,31.87742,-256.55273,2500,SETTLE,1,0,1,1
10148,463,40.69336,31.87742,-263.40820,2500,SETTLE,1,1,1,0
10198,383,33.66211,26.45367,-263.40820,2500,SETTLE,1,0,1,1
10248,383,33.66211,26.45367,-270.43945,2500,SETTLE,1,1,1,0
10298,298,26.19141,20.85641,-270.43945,2500,SETTLE,1,0,1,1
10348,298,26.19141,20.85641,-277.91016,2500,SETTLE,1,1,1,0
10398,214,18.80859,15.39984,-277.91016,2500,SETTLE,1,0,1,1
10448,214,18.80859,15.39984,-285.29297,2500,SETTLE,1,1,1,0
10498,126,11.07422,9.64797,-285.29297,2500,SETTLE,1,0,1,1
10548,4095,359.91211,1.17212,-285.29297,2500,SETTLE,1,0,1,1
10598,44,3.86719,4.19594,-300.23438,2500,SETTLE,1,1,1,0
10650,44,3.86719,4.19594,-300.23438,2500,MEASURE,1,1,1,0
10698,44,3.86719,4.19594,-300.23438,2500,MEASURE,1,1,1,0
10748,4061,356.92383,358.86288,-300.23438,2500,MEASURE,1,0,1,1
10798,4061,356.92383,358.86288,-307.17773,2500,MEASURE,1,1,1,0
10848,3971,349.01367,352.68741,-307.17773,2500,MEASURE,1,0,1,1
10898,3971,349.01367,352.68741,-315.08789,2500,MEASURE,1,1,1,0
10948,3894,342.24609,347.26172,-315.08789,2500,MEASURE,1,0,1,1
10998,3894,342.24609,347.26172,-321.85547,2500,MEASURE,1,1,1,0
11048,3820,335.74219,341.93219,-321.85547,2500,MEASURE,1,0,1,1
11098,3821,335.83008,342.00507,-328.27148,2500,MEASURE,1,1,1,0
11146,-1,-1.00000,-1.00000,-328.27148,2500,MEASURE,0,0,1,0
11198,3746,329.23828,336.50015,-334.86328,2500,MEASURE,1,1,1,0
11248,4095,359.91211,1.17212,-334.86328,2500,MEASURE,1,0,1,1
11298,3676,323.08594,331.31845,-341.01562,2500,MEASURE,1,1,1,0
11348,3603,316.66992,325.84836,-341.01562,2500,MEASURE,1,0,1,1
11398,3603,316.66992,325.84836,-347.43164,2500,MEASURE,1,1,1,0
11451,3534,310.60547,320.59235,-347.43164,2500,MEASURE,1,0,1,1
11496,-1,-1.00000,-1.00000,-347.43164,2500,MEASURE,0,0,1,0
11548,3466,304.62891,315.30515,-359.47266,2500,MEASURE,1,1,1,0
11598,3466,304.62891,315.30515,-359.47266,2500,MEASURE,1,1,1,0
11648,3398,298.65234,309.88733,-359.47266,2500,MEASURE,1,0,1,1
11701,3398,298.65234,309.88733,-365.44922,2500,MEASURE,1,1,1,0
11748,3335,293.11523,304.73804,-365.44922,2500,MEASURE,1,0,1,1
11798,3071,269.91211,280.98212,-365.44922,2500,MEASURE,1,0,1,1
11848,3272,287.57812,299.41812,-376.52344,2500,MEASURE,1,1,1,0
11898,3272,287.57812,299.41812,-376.52344,2500,MEASURE,1,1,1,0
11948,3213,282.39258,294.24884,-376.52344,2500,MEASURE,1,0,1,1
11998,3213,282.39258,294.24884,-381.70898,2500,MEASURE,1,1,1,0
12048,3157,277.47070,289.15225,-386.63086,2500,MEASURE,1,1,1,0
12098,3157,277.47070,289.15225,-386.63086,2500,MEASURE,1,1,1,0
12148,3101,272.54883,283.87350,-391.55273,2500,MEASURE,1,1,1,0
12198,3101,272.54883,283.87350,-391.55273,2500,MEASURE,1,1,1,0
12251,3049,267.97852,278.82852,-396.12305,2500,MEASURE,1,1,1,0
12298,3049,267.97852,278.82852,-396.12305,2500,MEASURE,1,1,1,0
12348,2996,263.32031,273.58780,-400.78125,2500,MEASURE,1,1,1,0
12398,2996,263.32031,273.58780,-400.78125,2500,MEASURE,1,1,1,0
12448,2942,258.57422,268.15546,-405.52734,2500,MEASURE,1,1,1,0
12501,2942,258.57422,268.15546,-405.52734,2500,MEASURE,1,1,1,0
12548,2892,254.17969,263.03595,-409.92188,2500,MEASURE,1,1,1,0
12597,-1,-1.00000,-1.00000,-409.92188,2500,MEASURE,0,0,1,0
12648,2841,249.69727,257.79663,-414.40430,2500,MEASURE,1,1,1,0
12698,2841,249.69727,257.79663,-414.40430,2500,MEASURE,1,1,1,0
12748,2788,245.03906,252.38531,-419.06250,2500,MEASURE,1,1,1,0
12798,2788,245.03906,252.38531,-419.06250,2500,MEASURE,1,1,1,0
12848,2736,240.46875,247.11874,-423.63281,2500,MEASURE,1,1,1,0
12898,2736,240.46875,247.11874,-423.63281,2500,MEASURE,1,1,1,0
12948,2686,236.07422,242.06734,-428.02734,2500,MEASURE,1,1,1,0
12996,-1,-1.00000,-1.00000,-428.02734,2500,MEASURE,0,0,1,0
13048,2636,231.67969,237.01344,-432.42188,2500,MEASURE,1,1,1,0
13098,2636,231.67969,237.01344,-432.42188,2500,MEASURE,1,1,1,0
13148,2583,227.02148,231.71024,-437.08008,2500,MEASURE,1,1,1,0
13198,2583,227.02148,231.71024,-437.08008,2500,MEASURE,1,1,1,0
13248,2530,222.36328,226.47453,-441.73828,2500,MEASURE,1,1,1,0
13298,2530,222.36328,226.47453,-441.73828,2500,MEASURE,1,1,1,0
13348,2476,217.61719,221.19719,-446.48438,2500,MEASURE,1,1,1,0
13398,2476,217.61719,221.19719,-446.48438,2500,MEASURE,1,1,1,0
13448,4095,359.91211,1.17212,-446.48438,2500,MEASURE,1,0,0,0
13498,2420,212.69531,215.72531,-451.40625,2500,MEASURE,1,1,1,0
13548,2367,208.03711,210.54805,-456.06445,2500,MEASURE,1,1,1,0
13596,-1,-1.00000,-1.00000,-456.06445,2500,MEASURE,0,0,1,0
13648,2309,202.93945,204.95007,-461.16211,2437,RAMP_OUT,1,1,1,0
13698,2309,202.93945,204.95007,-461.16211,2354,RAMP_OUT,1,1,1,0
13745,-1,-1.00000,-1.00000,-461.16211,2274,RAMP_OUT,0,0,1,0
13798,2253,198.01758,199.60101,-466.08398,2187,RAMP_OUT,1,1,1,0
13848,2253,198.01758,199.60101,-466.08398,2097,RAMP_OUT,1,1,1,0
13898,2190,192.48047,193.57985,-466.08398,2014,RAMP_OUT,1,0,1,1
13948,2190,192.48047,193.57985,-471.62109,1934,RAMP_OUT,1,1,1,0
13998,2162,190.01953,190.90016,-474.08203,1854,RAMP_OUT,1,1,1,0
14048,2162,190.01953,190.90016,-474.08203,1767,RAMP_OUT,1,1,1,0
14098,2133,187.47070,188.12820,-476.63086,1687,RAMP_OUT,1,1,1,0
14148,2133,187.47070,188.12820,-476.63086,1600,RAMP_OUT,1,1,1,0
14198,2121,186.41602,186.98352,-477.68555,1520,RAMP_OUT,1,1,1,0
14248,2121,186.41602,186.98352,-477.68555,1500,BETWEEN_LEVELS,1,1,1,0
14298,2121,186.41602,186.98352,-477.68555,1500,BETWEEN_LEVELS,1,1,1,0
14348,2121,186.41602,186.98352,-477.68555,1500,BETWEEN_LEVELS,1,1,1,0
14398,2122,186.50391,187.07890,-477.59766,1500,BETWEEN_LEVELS,1,1,1,0
14448,2122,186.50391,187.07890,-477.59766,1500,BETWEEN_LEVELS,1,1,1,0
14498,2121,186.41602,186.98352,-477.68555,1500,BETWEEN_LEVELS,1,1,1,0
14548,2121,186.41602,186.98352,-477.68555,1500,BETWEEN_LEVELS,1,1,1,0
14598,2121,186.41602,186.98352,-477.68555,1500,BETWEEN_LEVELS,1,1,1,0
14648,2121,186.41602,186.98352,-477.68555,1500,BETWEEN_LEVELS,1,1,1,0
14698,2122,186.50391,187.07890,-477.59766,1500,BETWEEN_LEVELS,1,1,1,0
14748,2122,186.50391,187.07890,-477.59766,1500,BETWEEN_LEVELS,1,1,1,0
14798,2121,186.41602,186.98352,-477.68555,1500,BETWEEN_LEVELS,1,1,1,0
14848,2121,186.41602,186.98352,-477.68555,1500,BETWEEN_LEVELS,1,1,1,0
14898,2122,186.50391,187.07890,-477.59766,1500,BETWEEN_LEVELS,1,1,1,0
14948,2122,186.50391,187.07890,-477.59766,1500,BETWEEN_LEVELS,1,1,1,0
14998,2122,186.50391,187.07890,-477.59766,1500,BETWEEN_LEVELS,1,1,1,0
15048,2122,186.50391,187.07890,-477.59766,1500,FINAL_NEUTRAL,1,1,1,0
15098,2122,186.50391,187.07890,-477.59766,1500,FINAL_NEUTRAL,1,1,1,0
15148,2122,186.50391,187.07890,-477.59766,1500,FINAL_NEUTRAL,1,1,1,0
15198,2121,186.41602,186.98352,-477.68555,1500,FINAL_NEUTRAL,1,1,1,0
15248,2121,186.41602,186.98352,-477.68555,1500,FINAL_NEUTRAL,1,1,1,0
15298,2122,186.50391,187.07890,-477.59766,1500,FINAL_NEUTRAL,1,1,1,0
15349,2122,186.50391,187.07890,-477.59766,1500,FINAL_NEUTRAL,1,1,1,0
15398,2121,186.41602,186.98352,-477.68555,1500,FINAL_NEUTRAL,1,1,1,0
15450,2121,186.41602,186.98352,-477.68555,1500,FINAL_NEUTRAL,1,1,1,0
15498,2121,186.41602,186.98352,-477.68555,1500,FINAL_NEUTRAL,1,1,1,0
15551,2121,186.41602,186.98352,-477.68555,1500,FINAL_NEUTRAL,1,1,1,0
15598,2122,186.50391,187.07890,-477.59766,1500,FINAL_NEUTRAL,1,1,1,0
15648,2122,186.50391,187.07890,-477.59766,1500,FINAL_NEUTRAL,1,1,1,0
15698,2121,186.41602,186.98352,-477.68555,1500,FINAL_NEUTRAL,1,1,1,0
15748,2121,186.41602,186.98352,-477.68555,1500,FINAL_NEUTRAL,1,1,1,0
15798,2121,186.41602,186.98352,-477.68555,1500,FINAL_NEUTRAL,1,1,1,0
15848,2121,186.41602,186.98352,-477.68555,1500,FINAL_NEUTRAL,1,1,1,0
15898,2121,186.41602,186.98352,-477.68555,1500,FINAL_NEUTRAL,1,1,1,0
15948,2121,186.41602,186.98352,-477.68555,1500,FINAL_NEUTRAL,1,1,1,0
16002,2121,186.41602,186.98352,-477.68555,1500,FINAL_NEUTRAL,1,1,1,0
16048,2121,186.41602,186.98352,-477.68555,1500,FINAL_NEUTRAL,1,1,1,0
16101,2121,186.41602,186.98352,-477.68555,1500,FINAL_NEUTRAL,1,1,1,0
16148,2121,186.41602,186.98352,-477.68555,1500,FINAL_NEUTRAL,1,1,1,0
16198,2122,186.50391,187.07890,-477.59766,1500,FINAL_NEUTRAL,1,1,1,0
16248,2122,186.50391,187.07890,-477.59766,1500,FINAL_NEUTRAL,1,1,1,0
16298,2122,186.50391,187.07890,-477.59766,1500,FINAL_NEUTRAL,1,1,1,0
16348,2122,186.50391,187.07890,-477.59766,1500,FINAL_NEUTRAL,1,1,1,0
16398,2122,186.50391,187.07890,-477.59766,1500,FINAL_NEUTRAL,1,1,1,0
16448,2122,186.50391,187.07890,-477.59766,1500,FINAL_NEUTRAL,1,1,1,0
16498,2122,186.50391,187.07890,-477.59766,1500,FINAL_NEUTRAL,1,1,1,0
16551,2122,186.50391,187.07890,-477.59766,1500,FINAL_NEUTRAL,1,1,1,0
16598,2121,186.41602,186.98352,-477.68555,1500,FINAL_NEUTRAL,1,1,1,0
16648,2121,186.41602,186.98352,-477.68555,1500,FINAL_NEUTRAL,1,1,1,0
16698,2122,186.50391,187.07890,-477.59766,1500,FINAL_NEUTRAL,1,1,1,0
16751,2122,186.50391,187.07890,-477.59766,1500,FINAL_NEUTRAL,1,1,1,0
16798,2118,186.15234,186.69734,-477.94922,1500,FINAL_NEUTRAL,1,1,1,0
16848,2118,186.15234,186.69734,-477.94922,1500,FINAL_NEUTRAL,1,1,1,0
16898,2118,186.15234,186.69734,-477.94922,1500,FINAL_NEUTRAL,1,1,1,0
16948,2104,184.92188,185.36438,-479.17969,1500,FINAL_NEUTRAL,1,1,1,0
16998,2104,184.92188,185.36438,-479.17969,1500,FINAL_NEUTRAL,1,1,1,0
17048,2117,186.06445,186.60196,-478.03711,1500,FINAL_NEUTRAL,1,1,1,0
17098,2117,186.06445,186.60196,-478.03711,1500,FINAL_NEUTRAL,1,1,1,0
17148,2122,186.50391,187.07890,-477.59766,1500,FINAL_NEUTRAL,1,1,1,0
17198,2122,186.50391,187.07890,-477.59766,1500,FINAL_NEUTRAL,1,1,1,0
17248,2122,186.50391,187.07890,-477.59766,1500,FINAL_NEUTRAL,1,1,1,0
17298,2122,186.50391,187.07890,-477.59766,1500,FINAL_NEUTRAL,1,1,1,0
17348,2122,186.50391,187.07890,-477.59766,1500,FINAL_NEUTRAL,1,1,1,0
17398,2122,186.50391,187.07890,-477.59766,1500,FINAL_NEUTRAL,1,1,1,0
17448,2122,186.50391,187.07890,-477.59766,1500,FINAL_NEUTRAL,1,1,1,0
17498,2122,186.50391,187.07890,-477.59766,1500,FINAL_NEUTRAL,1,1,1,0
17548,2121,186.41602,186.98352,-477.68555,1500,FINAL_NEUTRAL,1,1,1,0
17598,2121,186.41602,186.98352,-477.68555,1500,FINAL_NEUTRAL,1,1,1,0
17648,2121,186.41602,186.98352,-477.68555,1500,FINAL_NEUTRAL,1,1,1,0
17698,2121,186.41602,186.98352,-477.68555,1500,FINAL_NEUTRAL,1,1,1,0
17748,2122,186.50391,187.07890,-477.59766,1500,FINAL_NEUTRAL,1,1,1,0
17798,2122,186.50391,187.07890,-477.59766,1500,FINAL_NEUTRAL,1,1,1,0
17848,2121,186.41602,186.98352,-477.68555,1500,FINAL_NEUTRAL,1,1,1,0
17898,2121,186.41602,186.98352,-477.68555,1500,FINAL_NEUTRAL,1,1,1,0
17948,2121,186.41602,186.98352,-477.68555,1500,FINAL_NEUTRAL,1,1,1,0
17998,2121,186.41602,186.98352,-477.68555,1500,FINAL_NEUTRAL,1,1,1,0
